subhalo_index,halo_id,central_subhalo_index,is_central,Mg,MBH,Mstar,Mt,Vmax,sigma_v,Zg,Zstar,SFR,J,Rstar,Rt,Rmax,pos_x,pos_y,pos_z,vel_x,vel_y,vel_z
0,0,0,1,5.1768884e+12,4.0169856e+08,4.1902805e+10,4.1848177e+13,519.5832,321.9854,0.0058834315,0.015119027,5.1660395,18302.637,9.456885,346.06912,476.815,8395.659,20253.855,2086.2334,-49.42421,-71.35381,6.126702
1,0,0,0,1.35337296e+11,6.100568e+07,8.85336e+09,1.3582053e+12,260.78778,156.20752,0.0049519325,0.009122736,0.12014545,3016.436,11.448839,44.31511,54.018528,8325.2,19839.521,1970.201,71.77359,403.74615,577.82654
2,0,0,0,7.176188e+10,1.5070658e+07,1.3312937e+09,6.807505e+11,148.41402,80.557884,0.002937424,0.0048344214,0.046394102,1856.3081,10.489892,67.75052,48.741463,8351.28,21202.236,2501.1858,320.16476,-356.84225,73.78735
3,0,0,0,1.3467714e+10,4.8906564e+07,3.545971e+09,3.710058e+11,163.97717,98.56131,0.008032492,0.008079519,0.12657203,544.4717,7.0458493,30.25306,40.371887,8199.207,20596.367,2094.5662,-176.1497,27.567684,-247.70775
4,0,0,0,7.711402e+09,3.7035804e+07,3.257108e+09,2.9532874e+11,151.86548,91.308174,0.006666508,0.0076212394,0.008192749,486.30936,6.025678,28.092405,41.67094,8227.026,20091.887,1783.3882,8.731728,-177.5697,-43.198746
5,0,0,0,2.8619651e+10,7.786335e+06,4.1269395e+08,3.6265306e+11,122.70152,67.499695,0.0016025681,0.0047177156,0.0,1263.8184,5.3679333,53.860886,38.867107,8147.707,19298.37,1404.0962,414.20532,194.33385,254.13907
6,0,0,0,7.990168e+08,0.0,4.3352694e+09,1.8734196e+11,166.25536,102.689186,0.00558461,0.00782672,0.0018394878,436.52768,7.3975196,15.310451,19.828323,8337.276,20137.152,2008.7539,375.8868,256.46393,26.40261
7,0,0,0,3.356431e+09,6.511134e+07,1.1914025e+09,1.8798464e+11,139.54776,87.82666,0.0047906972,0.006440404,0.28848818,331.9265,6.010792,21.422026,27.075499,8287.751,20354.295,1914.6935,40.765656,738.866,-209.51303
8,0,0,0,1.3723188e+09,4.3236035e+06,1.6071813e+08,1.6411546e+11,88.42611,49.524452,0.0010545506,0.002208867,0.0,938.84796,9.061731,46.98854,27.695885,8486.214,19409.396,2319.5833,-420.21802,188.08452,-352.6723
9,0,0,0,1.5024388e+09,0.0,6.728072e+08,1.16185194e+11,107.53871,69.714806,0.0,0.0043980116,0.025660865,262.67606,6.2397046,23.012747,31.590107,8355.397,20485.379,2156.9836,-702.42126,346.065,27.891758
11,0,0,0,0.0,0.0,1.2827172e+09,2.8448227e+10,89.83409,52.944458,0.0,0.0076996437,0.0,107.42751,6.570052,8.078052,11.179077,8393.187,20134.828,2029.6625,121.38511,-727.7165,-183.83983
12,0,0,0,0.0,0.0,7.044928e+08,5.972085e+10,97.26716,62.17193,0.0,0.005452055,0.0,61.60811,5.3292794,14.702584,21.061275,8228.522,20283.63,1960.3336,-579.7384,185.90378,-316.40198
13,0,0,0,0.0,0.0,7.2820115e+08,4.341686e+10,99.32168,59.807533,0.0,0.005469838,0.0,58.747738,5.734635,10.12039,14.790033,8353.492,20082.68,2021.5782,-943.5858,-275.4176,-140.16084
15,0,0,0,0.0,0.0,2.2005765e+08,5.095425e+10,68.991486,38.115562,0.0,0.0028245759,0.0,180.13814,8.994865,25.28777,14.9041195,8220.53,20731.543,1798.8398,-176.97931,55.75718,-147.54941
17,0,0,0,0.0,0.0,2.366333e+08,3.8760542e+10,85.9321,46.0711,0.0,0.004211757,0.0,130.98488,6.81173,11.877074,14.013774,8125.6665,20248.31,1972.7313,344.3311,109.94505,-653.4962
20,0,0,0,0.0,0.0,1.341075e+08,3.236357e+10,68.173515,37.36702,0.0,0.0029163002,0.0,84.4361,6.090339,15.120875,16.588768,8244.115,19636.03,1764.384,-7.9780235,453.51364,-148.06519
24,0,0,0,0.0,0.0,2.4628661e+08,1.4160328e+10,57.165195,27.61032,0.0,0.0037160884,0.0,53.417995,6.5615377,9.729403,11.480248,8479.441,19911.084,2321.437,-109.95352,75.052704,-292.77597
27,0,0,0,0.0,0.0,1.6510042e+08,1.6303495e+10,65.08787,39.101616,0.0,0.0030591986,0.0,100.67421,5.302676,8.5144415,10.283033,8337.429,20416.451,2259.2837,-581.7943,80.86982,609.59393
30,0,0,0,0.0,0.0,2.7658966e+08,5.5298504e+09,51.216434,26.344072,0.0,0.0057494873,0.0,16.975517,5.094293,5.257403,7.340958,8256.427,20271.83,1974.9423,651.94147,-211.10594,313.41742
31,0,0,0,0.0,0.0,1.7712608e+08,1.163018e+10,66.43001,31.16616,0.0,0.004822737,0.0,50.416676,5.413546,6.0452332,6.5689936,8274.07,20140.06,1846.8973,173.64087,-622.4897,-222.00331
44,0,0,0,0.0,0.0,1.462876e+08,5.4942013e+09,39.88655,18.59413,0.0,0.0034542659,0.0,31.947191,7.011023,8.078888,8.957309,8163.996,20701.97,2282.7544,-291.03302,310.87616,-129.83965
369,1,369,1,5.378401e+12,6.2452915e+08,7.6481495e+10,4.3947057e+13,591.92267,344.34677,0.0039981906,0.016448613,3.2165334,3807.1191,23.150856,269.84924,273.67075,11521.63,7882.402,5575.3076,-52.03381,45.114643,-24.350935
370,1,369,0,6.031516e+08,0.0,5.7730324e+09,2.685186e+11,153.67897,93.87004,0.0,0.008406384,0.13824093,1095.5803,12.161669,25.034767,33.008446,11323.979,7613.0425,5588.8433,-184.51157,-512.1013,-79.16839
371,1,369,0,1.5048982e+10,6.974751e+06,5.8866816e+08,3.2953883e+11,111.32376,64.504616,0.0015863243,0.0043045906,0.0,847.53564,7.4832773,57.627544,54.218822,11123.644,6854.331,5338.9863,106.156296,472.69525,176.79765
372,1,369,0,0.0,0.0,1.9365285e+09,5.9249123e+10,96.02124,51.06068,0.0,0.007714904,0.0,92.5549,7.0373263,14.281451,10.358057,11802.219,7988.8135,5602.846,477.80038,302.46304,-52.83323
373,1,369,0,3.6541668e+09,0.0,3.5318144e+08,9.222427e+10,102.47159,61.830933,0.002267169,0.0035677003,0.28848994,551.48834,5.939463,19.414686,15.934449,11290.647,7845.448,5449.171,585.9634,-660.64624,154.89592
375,1,369,0,0.0,0.0,5.452865e+08,4.541097e+10,77.45387,39.83183,0.0,0.0053351442,0.0,160.62367,5.6313753,16.672943,14.270851,11837.349,8279.912,5520.595,245.37163,309.2376,71.2293
376,1,369,0,0.0,0.0,4.3784723e+08,4.956293e+10,87.82272,52.171085,0.0,0.0044422904,0.0,224.74193,6.9738703,14.623099,20.405588,11257.32,7727.7476,5601.5137,-503.67426,-931.2768,-137.64961
377,1,369,0,0.0,0.0,2.6032482e+08,5.179907e+10,70.28252,37.987732,0.0,0.0034616538,0.0,57.511997,6.0671573,24.138992,9.141136,11557.822,8358.389,6027.205,-88.52433,-29.5791,264.54504
378,1,369,0,0.0,0.0,4.1196317e+08,3.5906966e+10,87.7716,43.60213,0.0,0.005163603,0.0,48.41555,6.028173,10.412832,9.240872,11112.187,8024.83,5406.7485,-142.17728,-60.408405,-112.58574
379,1,369,0,0.0,0.0,4.1391014e+08,3.5057033e+10,69.96514,36.193336,0.0,0.0029890114,0.0,86.56276,9.0572,15.833829,17.028917,11316.622,6993.2773,5422.2563,82.35951,305.54877,13.479186
380,1,369,0,1.20271304e+08,0.0,1.6030387e+08,3.5586273e+10,81.34878,49.861107,0.00058681855,0.0034836482,0.0046839155,128.38019,5.8530736,11.932447,15.2970295,11374.022,7862.496,5696.462,148.3127,-166.1294,-1045.8464
382,1,369,0,0.0,0.0,1.8922054e+08,2.1060282e+10,60.631542,29.000864,0.0,0.002961569,0.0,44.50142,5.962899,13.488401,7.0535727,11359.083,8992.861,5607.672,-38.46463,-121.939285,-6.9568377
385,1,369,0,3.019562e+09,0.0,1.9664611e+08,3.2162081e+09,49.966114,21.30546,0.018827444,0.017970487,1.2147971,38.760937,4.254161,3.0081196,3.9330547,11379.171,7672.117,5579.941,-127.603714,-346.6418,-86.395065
390,1,369,0,0.0,0.0,1.7618859e+08,1.3285676e+10,60.296883,33.36654,0.0,0.0038446705,0.0,31.683928,6.998603,8.15154,8.754651,11650.599,7667.07,5673.7935,-83.73835,-682.49274,350.0819
394,1,369,0,0.0,0.0,1.397549e+08,1.2917957e+10,53.047363,25.32837,0.0,0.003438164,0.0,40.560444,6.1301694,9.936048,10.002264,11699.566,8278.172,5724.769,-238.95026,312.25598,-52.714676
398,1,369,0,0.0,0.0,2.2078374e+08,4.054244e+09,42.169163,17.82879,0.0,0.007566313,0.0,15.537755,5.3189764,5.339654,6.8919826,11735.487,7716.7896,5610.7334,-431.04355,404.45618,22.574982
400,1,369,0,0.0,0.0,2.4334795e+08,1.6631482e+09,26.819283,16.507103,0.0,0.009838976,0.0,5.5395546,5.238335,6.0321107,8.2951,11452.42,7793.2373,5564.8784,-531.27844,249.53839,-29.367853
664,2,664,1,2.5037038e+12,3.4669626e+08,3.623859e+10,2.0707782e+13,399.25775,229.51433,0.0048239436,0.017264694,0.8094163,14464.345,5.232618,285.11353,181.02005,7713.451,14764.441,2888.0054,66.90235,79.3474,57.694126
665,2,664,0,7.9653156e+09,4.291862e+06,1.6854413e+08,1.7596934e+11,96.59635,56.85465,0.0013147395,0.0027947107,0.0,397.9969,6.920407,41.976124,23.831816,7393.1616,15098.998,2279.5393,384.08713,-141.37935,177.8927
666,2,664,0,4.2517654e+08,0.0,1.172557e+09,1.09881156e+11,105.65148,64.00382,0.0087821325,0.005998263,0.01232479,142.20338,5.8812146,21.633753,34.278236,7719.4517,14570.28,3019.822,-31.317364,348.63693,-178.66656
667,2,664,0,7.8445626e+08,0.0,1.2120361e+09,1.01761114e+11,115.45333,65.49589,0.00610479,0.0069949245,0.02821661,191.81868,5.7202554,16.716576,17.335974,7683.3066,14885.124,3053.1907,6.9926405,-10.509287,-325.32693
668,2,664,0,0.0,0.0,7.6854304e+08,1.21356894e+11,84.14641,50.497185,0.0,0.004782315,0.0,187.14987,10.666858,37.1792,29.61219,7999.2783,14878.568,2583.3716,287.0395,204.92036,-136.41405
669,2,664,0,5.6487567e+09,4.4653485e+06,2.2748611e+08,1.0967128e+11,88.5119,48.042225,0.0014217688,0.0038032022,0.020132057,164.51976,5.9092255,31.508905,26.144274,8031.456,14424.554,3567.1523,-177.77469,191.69237,-225.81375
670,2,664,0,3.106967e+08,0.0,6.521541e+08,7.7064135e+10,92.192795,51.107357,0.011165179,0.0051491265,0.008849534,220.66081,5.4906974,19.836403,23.86708,8079.137,14783.428,2961.3638,-124.65687,-158.61401,-42.420124
671,2,664,0,8.3158016e+08,2.0335789e+06,1.31078856e+08,8.672608e+10,85.84801,49.894867,0.0014048999,0.003079886,0.0,395.86685,7.038119,25.445019,26.24772,7713.2573,14900.565,2596.583,589.5825,-115.06458,316.13235
672,2,664,0,1.3396212e+09,584528.2,2.3653064e+08,5.075603e+10,91.76808,54.837387,0.00090612157,0.0041451124,0.0125189675,85.65546,5.81681,13.184488,13.734181,7820.0425,14752.445,3081.2493,-376.0724,584.9407,-167.59486
673,2,664,0,0.0,0.0,3.3292416e+08,4.7091675e+10,75.59171,40.467903,0.0,0.0047667394,0.0,80.47981,6.43026,19.433153,11.402891,7430.413,14998.808,3091.1746,274.0159,8.289085,75.67248
678,2,664,0,0.0,0.0,3.1037782e+08,1.0343632e+10,52.434948,25.385248,0.0,0.004630645,0.0,62.482136,7.7752447,8.277087,9.710011,7923.914,14687.751,3286.1357,-46.75121,-1.0447253,-21.146954
684,2,664,0,0.0,0.0,1.4654493e+08,1.5101773e+10,61.474083,30.135017,0.0,0.0030819501,0.0,26.068628,5.578695,8.692939,8.585279,8046.444,14701.951,2980.1528,-127.62971,-131.45824,14.74959
854,3,854,1,5.9440195e+11,6.146098e+07,4.697325e+09,4.833535e+12,250.22563,135.02834,0.0038647086,0.00706253,0.44453338,5066.568,10.732944,172.01926,123.044754,7721.3594,14912.981,8500.696,62.106735,8.41961,-142.00629
855,3,854,0,1.9529507e+10,1.0402076e+07,7.5949555e+08,2.9948396e+11,125.66568,73.07454,0.0029144364,0.004064497,0.0005200017,422.34872,6.463226,41.072758,47.653664,8117.219,14800.573,8247.673,18.208647,140.7207,62.41213
857,3,854,0,0.0,0.0,3.0306374e+08,1.4406411e+10,67.179306,32.498734,0.0,0.0052836044,0.0,28.726551,5.3299274,7.219632,9.90467,7633.4087,14828.928,8487.757,-27.052023,-52.820415,-131.93044
863,3,854,0,0.0,0.0,1.3315843e+08,6.948199e+09,47.938225,24.033178,0.0,0.003538079,0.0,17.276731,3.621003,6.563422,6.5657935,7775.1704,14998.367,8604.061,69.13922,-57.455513,-150.19151
898,4,898,1,4.6142217e+11,2.267458e+07,3.3171848e+09,3.5492893e+12,212.94266,126.06868,0.0044574053,0.008776469,0.2371455,3308.416,6.9358344,169.8376,98.33177,9682.842,14003.341,7597.33,-63.876446,-108.13162,-113.93573
899,4,898,0,3.1725582e+10,1.242546e+07,9.851559e+08,3.4758905e+11,149.82156,88.61494,0.003261149,0.005714485,0.14668787,830.2184,5.3553557,33.55175,38.328354,9777.284,14044.255,7786.794,-152.99162,-59.875893,-425.33878
900,4,898,0,2.1084718e+09,7.2170355e+06,6.5144045e+08,7.82063e+10,101.368935,58.086014,0.0037407447,0.0062640333,0.0,110.28738,5.134123,16.641493,21.006584,9546.091,13955.423,7574.163,53.87392,-92.91199,-98.978294
933,5,933,1,4.8263905e+11,6.787323e+07,6.9747973e+09,3.8299307e+12,264.18546,139.42351,0.0051932437,0.0075214775,0.44543675,3983.8818,10.274048,119.51407,91.73453,6872.0186,22655.033,2117.77,220.41461,-181.66411,53.101353
957,6,957,1,4.5323603e+11,3.9916012e+07,6.329939e+09,3.6828438e+12,254.21547,144.90384,0.008388953,0.010882192,0.37732905,4045.7043,8.421465,124.71845,96.68292,10516.032,12921.667,7196.369,-78.7913,2.7975276,-127.601906
958,6,957,0,1.2955642e+10,4.545919e+06,2.1562722e+08,1.6817375e+11,97.70477,53.727745,0.001171524,0.0034808049,0.02424115,802.4542,4.6472692,40.79628,15.370459,10158.11,13107.403,6899.6416,48.11193,-98.27472,-203.97716
961,6,957,0,3.063318e+08,0.0,2.7714755e+08,6.5939666e+09,53.16514,26.366306,0.005053295,0.0053667775,0.0,22.509647,5.3121037,5.3901296,8.616731,10512.212,12986.015,7200.671,-77.117355,-163.36978,-200.53914
991,7,991,1,4.2821376e+11,2.2218218e+07,1.6497129e+09,3.4019764e+12,216.58087,129.27377,0.0035347978,0.005749952,0.07943061,7879.7974,9.379293,160.25891,214.0695,6252.988,16831.818,9212.894,93.337494,-75.51824,-105.29228
992,7,991,0,4.311818e+09,1.4281969e+07,1.2492776e+09,8.766173e+10,126.49586,77.44927,0.0049818456,0.0063342066,0.079944745,278.48502,6.1908064,12.649263,18.812239,6200.1704,16775.08,9193.916,178.20564,-83.09125,-128.0958
993,7,991,0,3.4125197e+09,6.7174025e+06,8.854054e+08,1.05213575e+11,110.844444,65.62269,0.0053852894,0.005890786,0.015969992,240.14969,7.599823,18.632315,19.702173,6409.6987,16831.3,9169.807,52.83851,61.043255,-85.15716
996,7,991,0,9.169879e+08,0.0,1.6946835e+08,2.1531576e+10,69.76354,40.568565,0.002007737,0.002940941,0.0,39.12324,6.28149,10.612202,12.6399145,6115.8545,16795.514,9241.8125,-12.75832,-159.88585,29.712202
1035,8,1035,1,4.1341685e+11,4.1956636e+07,4.164056e+09,3.4735983e+12,235.86868,131.66275,0.004872427,0.0076686926,1.7774446,896.0132,8.359918,144.54526,86.91623,7287.728,11827.121,19958.81,-2.360285,43.142323,68.83339
1036,8,1035,0,1.4427236e+10,4.7031875e+06,2.341573e+08,1.9933754e+11,102.16306,55.287224,0.001852788,0.0030514577,0.0,263.49323,5.1997323,41.657387,36.234955,7355.934,11763.671,19500.248,78.13344,103.234985,230.66373
1066,9,1066,1,2.6251654e+11,2.3783564e+07,2.466832e+09,2.238162e+12,189.68213,111.72329,0.0047356864,0.006368216,0.022301765,2321.3945,6.973344,139.44118,186.28952,10030.282,3032.7961,3760.9443,-33.737244,67.902855,-4.4472327
1067,9,1066,0,4.2058972e+09,1.1993219e+07,8.649072e+08,9.439688e+10,109.30877,64.32287,0.0041362545,0.005410168,0.008015656,148.26273,5.6802855,17.619427,25.565542,10100.156,3051.3523,3883.2937,-78.15428,89.52569,-58.6947
1068,9,1066,0,1.9255114e+09,0.0,2.5474211e+08,3.6444762e+10,78.35135,41.404293,0.0022188956,0.0039695306,0.055483807,14.272104,6.1997657,12.968463,11.668781,9901.81,2886.03,3699.6064,-123.62075,39.287476,-41.577423
1087,10,1087,1,2.5287462e+11,3.4667784e+07,2.1669693e+09,2.1830322e+12,196.62999,113.2958,0.003864857,0.006939632,0.032546043,3689.3345,6.0604725,123.19446,153.5943,3777.83,11509.032,23433.541,134.1403,57.467785,63.631306
1088,10,1087,0,2.3127332e+09,0.0,6.5618944e+08,4.1208873e+10,95.95231,57.12227,0.0050763153,0.0046510682,0.15343359,42.918755,5.2054324,10.059679,14.654296,3838.8442,11555.361,23475.463,73.89329,3.8799424,-5.2085667
1099,11,1099,1,2.4786885e+11,3.3277124e+07,4.1374175e+09,2.0840595e+12,215.51381,116.90975,0.006133473,0.00849787,0.38447985,1145.4751,5.3813944,96.58895,97.9008,10290.262,5021.3496,23117.262,-9.385225,-15.385926,97.58856
1100,11,1099,0,0.0,0.0,1.4195018e+08,5.205904e+09,37.145924,18.924702,0.0,0.003922302,0.0,80.986786,5.8218184,8.802253,11.439987,10296.6,4877.6973,23063.96,-12.90409,0.92840105,112.377144
1110,12,1110,1,2.2000905e+11,1.7845522e+07,2.0951373e+09,1.9401389e+12,182.96306,105.9826,0.0055059325,0.006374148,0.0,3536.5095,6.5398664,125.35559,102.32741,4473.408,22086.648,6676.235,76.76162,-101.997925,-106.37937
1111,12,1110,0,5.6916844e+09,5.3128095e+06,4.010097e+08,5.69763e+10,100.47838,59.536835,0.0022594423,0.00411777,0.042860217,144.51154,5.019573,12.295654,15.209363,4536.234,22032.482,6598.453,-18.722363,6.359282,96.8642
1114,12,1110,0,2.2339246e+08,0.0,1.5037728e+08,2.4747004e+10,78.95626,47.4819,0.0007374065,0.0036801735,0.0,49.52286,7.250668,9.467898,13.197803,4425.3013,22113.22,6716.5747,-6.0310454,-299.6687,-76.58348
1134,13,1134,1,2.1137052e+11,1.9612554e+07,1.9871598e+09,1.8038889e+12,182.96098,112.92187,0.0048203813,0.007817071,0.33845103,4632.74,4.201829,124.86891,182.60728,11536.035,12253.609,6561.982,-219.13806,-40.084503,-66.352036
1135,13,1134,0,5.277238e+09,1.3252937e+07,8.836153e+08,1.1532478e+11,112.29233,69.46623,0.0041297115,0.005552748,0.024166819,242.97185,5.392951,20.715885,29.23858,11610.753,12353.4,6571.0103,-274.82016,-44.63142,-67.422676
1143,14,1143,1,2.2594413e+11,3.1273064e+07,2.112816e+09,1.906423e+12,195.79501,107.985634,0.0031440465,0.006173205,0.030609343,1109.929,5.703167,107.06951,97.292915,5838.152,14855.529,7844.556,194.31651,64.96341,-77.36403
1164,15,1164,1,1.9610493e+11,2.008609e+07,2.3782147e+09,1.5061963e+12,191.37724,96.32927,0.0060593835,0.008091867,0.76027644,1563.253,4.8052206,94.45923,57.128716,12207.826,8030.251,876.41724,-66.25312,50.496033,138.15947
1165,15,1164,0,7.9095306e+09,2.556583e+06,1.4414211e+08,1.5941196e+11,85.81097,46.343033,0.0014066435,0.0043030703,0.0,961.17474,5.9157987,55.884247,19.60939,12036.05,7596.503,1139.76,-54.160645,119.78302,49.096134
1181,16,1181,1,2.1086591e+11,2.5367148e+07,2.7429622e+09,1.6283752e+12,187.36508,100.49462,0.0055197193,0.008166439,0.26082385,2069.7815,5.487013,103.07383,61.113,9045.297,312.1144,2062.5679,11.332033,-126.90187,131.20581
1197,17,1197,1,1.5934418e+11,1.8311012e+07,1.2101201e+09,1.3950064e+12,157.15918,89.87211,0.0019392321,0.004457723,0.0,1255.319,9.132944,127.82279,73.88636,4920.1147,19052.596,7967.6978,77.84386,-20.489351,-117.420006
1223,18,1223,1,1.4204038e+11,1.7640846e+07,9.257251e+08,1.3467561e+12,184.2725,118.46691,0.0037015718,0.0061544334,0.0129497005,960.1709,5.094886,86.34318,102.7288,11667.609,12412.455,21552.25,-78.096886,5.619547,101.955795
1224,18,1223,0,4.0920138e+09,0.0,1.50294e+08,2.3172975e+10,77.143684,48.510914,0.0010031335,0.0031311007,0.05147828,109.88865,4.0009737,8.883909,13.452469,11694.704,12374.442,21502.078,32.515976,-59.704887,-81.42809
1241,19,1241,1,1.4760223e+11,1.2341874e+07,9.445422e+08,1.2866856e+12,166.15837,103.01489,0.0037531033,0.00578856,0.21713011,5517.3394,4.9997916,101.77521,120.435905,11281.006,7220.1475,9807.944,19.94211,28.7272,-189.18835
1242,19,1241,0,3.1383322e+09,6.669024e+06,3.23206e+08,3.9538053e+10,92.70199,57.11265,0.0022387768,0.0039668134,0.048515227,34.802612,4.148063,10.227662,12.738957,11303.358,7307.8096,9788.744,-83.58418,37.93738,-320.51337
1259,20,1259,1,1.374644e+11,1.6712047e+07,1.3619948e+09,1.1288281e+12,165.5494,87.94673,0.0030984413,0.0057177204,0.3003809,2049.3674,7.135679,94.45153,60.02774,7483.412,17324.88,1765.1302,215.80597,-6.189381,99.38284
1260,20,1259,0,1.0069986e+10,2.8504622e+06,1.3133824e+08,1.2630015e+11,93.13785,52.92854,0.0009971865,0.0030872219,0.048514754,390.72787,5.324792,33.32546,18.19334,7529.2153,17056.906,1743.93,219.34245,125.6935,116.38515
1272,21,1272,1,1.437413e+11,1.3076374e+07,9.587695e+08,1.2743207e+12,170.46387,103.03538,0.0026708373,0.0059112776,0.117043614,1405.124,4.775422,97.20096,66.000946,6528.697,12604.809,22068.271,58.504204,20.981625,76.86643
1273,21,1272,0,3.0684554e+09,6.780197e+06,2.0748435e+08,1.5785214e+10,91.0875,49.57319,0.0015919335,0.0034065493,0.24032523,59.090694,3.5866961,4.717417,7.2331753,6541.878,12595.521,22085.121,63.47792,63.350994,-190.28186
1293,22,1293,1,1.1547331e+11,4.2498325e+06,2.1736378e+08,1.0877956e+12,137.09537,83.88564,0.0011239179,0.0019962983,0.0029405542,1240.1158,5.905309,128.97139,165.112,19741.967,3211.3328,476.59375,-6.194906,39.075268,31.707808
1296,22,1293,0,1.7704233e+09,6.974711e+06,1.312276e+08,2.1895027e+10,77.41624,45.244205,0.001276352,0.0025353092,0.0027340392,64.94253,4.7207556,8.204396,7.045862,19640.54,3200.8123,461.0089,86.40973,54.997528,26.112501
1297,22,1293,0,9.879002e+08,0.0,1.4803806e+08,1.4340079e+10,71.99452,40.650238,0.0024833987,0.0030424453,0.018059492,28.97641,5.3378158,6.327588,7.376604,19696.148,3209.044,476.23233,60.240932,49.18906,73.29605
1316,23,1316,1,1.318246e+11,1.5531501e+07,1.665831e+09,1.1997362e+12,166.43138,93.46165,0.0039555873,0.005763293,0.27734593,3073.0354,8.427891,93.56423,89.16145,5304.2896,22045.908,5147.3726,114.04003,-68.73964,-48.575695
1326,24,1326,1,1.27750095e+11,1.859825e+07,8.916388e+08,1.1456347e+12,153.26027,93.26509,0.0028048551,0.00503022,0.06172757,817.5338,5.8824162,105.04431,103.63237,9933.218,1874.6827,13743.674,-9.273926,30.001282,-26.636278
1341,25,1341,1,5.4570783e+10,3.546244e+06,3.5306672e+08,4.653956e+11,96.2067,54.079613,0.0030677337,0.0037918051,0.03143973,2558.1995,5.406387,114.7641,50.416676,10625.883,23620.133,21784.236,-74.58361,-83.339745,49.7977
1342,25,1341,0,3.5074392e+10,7.271464e+06,3.716837e+08,3.6916196e+11,114.80072,61.108776,0.0017144283,0.003998883,0.008292581,977.60565,6.432588,64.00363,23.99391,10835.532,24109.848,21572.838,-102.16862,-50.452484,124.41295
1360,26,1360,1,1.1270445e+11,1.2203997e+07,1.1697615e+09,9.624165e+11,148.33281,82.948944,0.004002788,0.0051062894,0.2544571,3943.9316,7.716352,101.52426,46.818558,8550.521,16317.872,3019.417,-101.20145,-30.7007,-81.06619
1361,26,1360,0,5.038099e+09,4.7739875e+06,4.4478445e+08,1.0629633e+11,95.69297,53.041637,0.0033309117,0.004453739,0.039719615,191.46785,6.2083316,26.259949,12.135972,8776.612,16350.078,3116.1619,-73.16165,-36.151924,-153.09213
1372,27,1372,1,1.1846708e+11,9.780517e+06,1.1827168e+09,1.0115835e+12,156.59581,86.309875,0.004837858,0.0064834845,0.051068336,1190.86,5.2917233,93.78468,53.46314,14766.093,350.24072,17706.484,-79.36531,-2.942642,14.859214
1373,27,1372,0,3.3776504e+09,4.0472005e+06,1.896347e+08,9.956106e+10,93.016785,56.013313,0.0016641805,0.002543355,0.0017665067,206.5643,5.36603,25.191221,19.63886,14882.849,243.29097,17638.887,-162.51083,132.80971,73.30974
1385,28,1385,1,1.1493205e+11,1.4822097e+07,1.3840059e+09,9.464885e+11,160.90907,83.80625,0.0052369065,0.0066307583,0.03124295,1135.5731,4.6081276,81.47099,56.765926,5376.496,14641.803,651.67413,200.08661,36.64554,131.05737
1394,29,1394,1,1.1152984e+11,7.2464255e+06,6.75053e+08,1.0259492e+12,163.25864,104.4698,0.004109477,0.0055530695,0.13073781,2225.6711,5.23576,82.90416,84.07636,13127.897,6805.202,9691.358,-149.14023,51.49344,-141.9948
1395,29,1394,0,6.709048e+09,7.079038e+06,4.0499968e+08,3.901974e+10,100.43801,60.424458,0.0020617284,0.0035827295,0.12780401,264.89017,5.1782484,9.36499,13.751091,13095.334,6837.714,9672.605,-118.9003,-138.28233,-130.77786
1404,30,1404,1,1.0534197e+11,1.2988305e+07,8.9773766e+08,1.02311834e+12,142.00125,82.98415,0.0027497106,0.006192858,0.0034073004,2745.7026,5.390917,109.2207,114.44388,8170.1284,13887.836,5547.4644,105.99046,63.913403,-147.94095
1405,30,1404,0,1.8266895e+09,7.188737e+06,4.4682432e+08,4.227285e+10,92.818504,53.09875,0.003052417,0.005091297,0.017570235,74.013016,5.1321907,11.144188,14.566121,8171.171,13814.274,5559.4224,85.41365,169.83252,-162.68977
1412,31,1412,1,1.0700168e+11,8.518659e+06,9.0928986e+08,8.895734e+11,145.9013,82.29176,0.004104541,0.006919535,0.1811112,1582.64,4.886336,92.56905,61.144714,10112.697,23050.48,21583.238,-92.66723,9.698858,62.603382
1420,32,1420,1,1.1177231e+11,1.7287782e+07,1.3046166e+09,1.00374564e+12,167.34608,90.87116,0.0030924452,0.0057274024,0.42969307,1239.768,5.8761463,78.544846,57.575584,2631.33,21666.564,6841.292,175.57881,-58.094173,-78.90388
1429,33,1429,1,1.0778079e+11,1.3984833e+07,1.2799823e+09,8.873229e+11,155.77936,83.32417,0.0055497773,0.005159302,0.0024128617,1580.5768,6.217877,79.0478,71.31483,8160.9263,14130.207,4855.149,159.91127,76.671745,-91.62347
1439,34,1439,1,9.904239e+10,1.3448457e+07,7.866058e+08,9.774326e+11,147.50948,86.730034,0.0022974673,0.004329644,0.00019148497,2453.2534,7.8353,98.15042,51.861668,11.523305,5392.8345,10802.015,55.941727,-9.137682,-57.90658
1452,35,1452,1,6.3825326e+10,6.921105e+06,3.518167e+08,5.4952716e+11,109.761024,60.462124,0.0020555279,0.003780549,0.048672933,959.83057,4.387246,103.53751,59.635674,15318.136,10553.878,1984.1532,-103.21919,15.296543,101.74125
1453,35,1452,0,2.9623032e+10,8.147027e+06,3.7863837e+08,3.163416e+11,115.45739,63.40317,0.0021110885,0.003584951,0.021893216,650.5653,5.759082,52.37222,43.068314,15818.976,10449.52,1973.3372,-201.93465,31.389477,80.019226
1474,36,1474,1,1.0180151e+11,1.4345013e+07,1.1575564e+09,1.0028511e+12,159.93903,87.6253,0.0031289994,0.0055696126,0.019173048,1708.7645,6.423212,85.23067,69.68457,2696.5486,19464.098,6058.6274,152.82562,-3.9466124,-11.524825
1479,37,1479,1,1.1041462e+11,1.3244272e+07,1.3281779e+09,9.1858325e+11,160.57495,85.90282,0.00530453,0.0075446526,0.25536308,938.4742,4.442736,80.270966,49.882954,5895.069,14888.854,5553.881,206.49635,44.901333,-67.21917
1487,38,1487,1,9.898643e+10,1.0304019e+07,1.2139287e+09,9.293374e+11,160.99654,86.214836,0.0041477466,0.007179263,0.0894525,701.4832,4.871684,80.15803,56.835213,14896.961,3920.6206,10177.025,-124.02628,85.43006,-67.626114
1491,39,1491,1,1.00852646e+11,1.1310289e+07,9.1772186e+08,8.599267e+11,140.07365,76.530464,0.004093259,0.0055460194,0.16269156,1116.6011,5.18946,100.564735,53.203938,9053.274,21248.854,20546.344,7.603306,-23.43175,108.92662
1513,40,1513,1,8.682304e+10,1.059919e+07,6.9763334e+08,9.4189204e+11,150.45543,87.50784,0.0014027518,0.005159885,0.012667722,1385.2506,6.4210114,93.04356,45.362087,13690.264,15966.257,6765.9214,-159.09149,-109.8134,-138.595
1532,41,1532,1,9.899765e+10,1.5899491e+07,9.347496e+08,8.703064e+11,147.93327,80.2968,0.0029556048,0.004923965,0.018810071,234.14365,5.991082,85.79494,78.72238,13253.77,15396.57,6242.9546,-139.03004,-58.85674,-38.424755
1542,42,1542,1,7.669376e+10,7.878453e+06,2.5300091e+08,6.8629266e+11,117.7149,68.04993,0.0013458941,0.0030039605,0.0335115,2310.226,5.285395,115.221664,32.68354,15256.97,13401.231,2302.9636,-137.09178,-53.506977,69.07841
1543,42,1542,0,1.4681289e+10,3.604637e+06,1.4164584e+08,1.7588306e+11,97.53863,54.107086,0.0006966802,0.0029166345,0.0025145074,1031.104,8.133336,39.93747,36.141655,15171.757,13053.786,2325.3875,-143.38133,46.92481,41.28815
1544,42,1542,0,1.4650143e+09,0.0,1.7851373e+08,5.8556017e+09,63.82153,35.031616,0.0021777975,0.0031806324,0.041338168,17.819653,2.945639,3.5290744,5.655112,15253.306,13387.891,2292.8403,-102.60392,-94.297226,-35.573963
1559,43,1559,1,7.9074345e+10,1.3067304e+07,6.366844e+08,8.290157e+11,139.60255,77.85801,0.0023494577,0.003985127,0.030104294,194.95805,8.147471,92.95262,77.061,14314.91,19819.104,21521.31,-106.74705,-4.880162,72.950714
1571,44,1571,1,8.43299e+10,1.1982125e+07,1.152486e+09,7.7013293e+11,146.90695,79.26449,0.004404771,0.0066730822,0.11284085,1357.1173,5.713469,81.901955,47.081577,8063.0327,19651.943,21561.188,-2.3954465,-61.22074,149.54529
1578,45,1578,1,8.459488e+10,1.0575275e+07,1.0031051e+09,7.559482e+11,143.8386,76.64536,0.0036115302,0.0070278686,0.025180075,2129.5693,5.2139583,84.22526,28.259535,10223.147,3444.0095,22649.95,-12.595546,0.4595389,106.57811
1588,46,1588,1,8.720556e+10,1.0892774e+07,8.299517e+08,7.305634e+11,149.56673,82.59335,0.003975526,0.005503817,0.18049885,297.56714,5.450746,70.4481,61.623035,73.6956,8458.315,15755.292,43.079376,65.24644,9.647415
1595,47,1595,1,5.147737e+10,8.939905e+06,4.7411088e+08,5.2760556e+11,120.120575,65.56399,0.0015883131,0.0032325813,0.061473005,2461.834,7.735451,88.0952,31.77761,8588.882,15898.457,6182.3794,-9.012921,-108.83142,-106.42447
1596,47,1595,0,8.755968e+09,7.023843e+06,2.9516893e+08,1.6608852e+11,100.291145,55.280663,0.0021006558,0.0038610175,0.0,333.85645,5.040707,37.457714,25.24634,8817.147,16015.476,5969.818,-47.898537,-122.64908,-150.4919
1608,48,1608,1,7.164092e+10,1.1510146e+07,6.901838e+08,7.1755864e+11,147.19206,79.568985,0.0020224547,0.0045538535,0.047728505,260.716,6.8658595,73.85544,50.032024,4466.138,19805.537,7548.889,174.44016,-37.49445,-68.49425
1616,49,1616,1,7.896132e+10,9.251698e+06,8.087826e+08,7.0776776e+11,137.14436,75.749985,0.003045042,0.0050539174,0.08343348,1396.3634,7.3480983,81.55926,60.336845,7292.4463,17157.03,16906.166,-3.5876026,-27.435133,11.841917
1624,50,1624,1,6.0348355e+10,7.0114185e+06,5.653394e+08,5.0276866e+11,122.801956,63.704834,0.0026704287,0.005732916,0.11438944,836.8489,4.8141575,80.001564,35.72105,23443.49,2613.2678,3315.362,46.14917,-46.34678,-24.438248
1633,51,1633,1,8.169356e+10,9.008063e+06,1.228031e+09,6.191936e+11,154.13135,79.05011,0.0047685793,0.0077701593,0.19087712,447.55283,4.369283,56.76255,49.240463,10075.453,22554.945,21282.516,11.234317,-11.159348,143.11067
1635,52,1635,1,6.2378754e+10,9.486453e+06,6.883086e+08,6.027008e+11,130.73083,71.37429,0.0024217688,0.0052926284,0.0451062,2686.993,4.8408747,84.93998,43.32623,12494.695,8739.15,571.0889,-121.95888,-39.939987,144.81136
1642,53,1642,1,6.7705684e+10,6.583284e+06,1.1081395e+09,6.844941e+11,137.60649,74.54633,0.004681342,0.006980236,0.0,858.51855,6.1597586,82.13052,40.074,12661.046,13744.31,6435.6016,-182.77003,-77.7067,-40.721622
1653,54,1653,1,6.7400544e+10,9.680421e+06,9.7900243e+08,6.952837e+11,137.20416,75.37944,0.0034134313,0.0057156947,0.007325242,1672.6244,6.3558664,80.12494,64.154366,10334.478,3233.4333,2579.1304,10.225858,-37.73269,110.71925
1658,55,1658,1,7.478686e+10,9.276851e+06,6.8381376e+08,6.190826e+11,135.5481,75.572334,0.0029008212,0.0049700923,0.06828656,1364.7386,4.6398096,75.762985,48.117283,11122.46,24363.871,20992.39,-151.79651,-57.734486,122.48322
1670,56,1670,1,6.974177e+10,8.169986e+06,6.44792e+08,6.76285e+11,133.89748,72.680244,0.0034733564,0.0050027873,0.16165768,1088.904,5.743297,82.81714,53.7118,13233.819,12225.977,2480.2139,-89.3326,-29.445446,79.31513
1678,57,1678,1,6.5329537e+10,9.021735e+06,5.4452326e+08,6.4966394e+11,126.51912,74.264725,0.0025551233,0.0049700085,0.08816012,1830.6895,4.223078,89.25856,48.226456,3254.977,379.48157,10015.708,82.628395,-60.91182,-98.64041
1683,58,1683,1,3.979117e+10,8.2161825e+06,5.5080806e+08,4.218158e+11,118.50151,63.863327,0.0021479935,0.004737056,0.07036004,520.402,5.7248373,69.663086,24.765764,9600.683,11982.512,5631.915,-4.094049,-26.955326,41.258793
1697,59,1697,1,6.1046227e+10,1.0193876e+07,6.0435104e+08,6.4961236e+11,139.71706,79.5029,0.0026149596,0.003992553,0.005257159,1219.3601,8.784881,72.2794,63.62498,16386.479,15143.698,400.78018,-91.92447,-8.609071,119.4142
1703,60,1703,1,6.0422693e+10,8.16345e+06,5.71368e+08,5.819812e+11,131.78546,72.18265,0.0023857558,0.0043351646,0.093352556,1842.6692,5.1109343,73.58445,43.637287,8008.031,19180.697,485.79532,-167.74973,134.1729,312.2243
1714,61,1714,1,6.2085734e+10,7.573118e+06,6.150832e+08,6.1710035e+11,132.65599,72.26277,0.0025823386,0.0054865195,0.1394901,2559.8032,4.845957,84.386566,32.35792,15245.669,10202.153,4629.3306,-209.87314,-57.850426,-62.34811
1724,62,1724,1,5.1379577e+10,1.0114566e+07,4.320285e+08,6.432357e+11,130.47705,73.91333,0.0020441134,0.0030617274,0.076252684,1549.9794,8.548516,89.88191,45.984844,5821.11,21014.434,14114.255,38.175945,-74.191925,-35.395718
1730,63,1730,1,6.3770825e+10,1.2157588e+07,6.466722e+08,5.793547e+11,136.32318,73.99666,0.0033735433,0.004468997,0.028481571,975.5032,5.55972,70.44046,50.954952,1612.898,11161.912,17974.234,98.75206,17.38173,14.725255
1732,64,1732,1,5.369482e+10,6.041971e+06,2.8958368e+08,5.7284926e+11,125.870964,75.869415,0.0015612371,0.0031983797,0.12931971,1478.8306,6.579829,77.92892,80.09132,5376.1694,7030.3057,22852.459,64.61415,41.753727,48.492516
1741,65,1741,1,5.4130192e+10,0.0,2.4407826e+08,5.588292e+11,108.725266,66.922,0.0016733318,0.0030597728,0.0007378739,928.4527,5.6638002,103.443054,52.766777,16610.72,15340.855,1802.3788,-82.40246,-37.29741,28.366516
1750,66,1750,1,5.2053094e+10,5.7443535e+06,2.763974e+08,5.642772e+11,130.11867,82.11769,0.0016989704,0.0032278914,0.100167125,2198.9214,5.636451,71.8197,72.30536,24694.611,20863.139,23574.299,67.490906,-15.057948,75.84223
1751,66,1750,0,2.430729e+09,4.2649975e+06,1.4683019e+08,2.8898748e+10,85.08312,49.536625,0.0010520236,0.0025865813,0.006864025,140.14845,5.0171723,9.3443365,13.531101,24698.52,20878.363,23526.566,196.07434,-31.553194,163.11226
1759,67,1759,1,5.9932905e+10,9.218489e+06,8.051284e+08,5.4660855e+11,134.61006,72.306915,0.0036707066,0.0063309735,0.20150366,1141.261,5.265453,70.39694,28.555807,3820.4785,22165.86,5148.584,171.8124,-44.27323,0.64215463
1761,68,1761,1,5.1303354e+10,8.916061e+06,9.3997005e+08,5.923107e+11,138.51573,73.92327,0.0038700446,0.005357466,0.08257955,183.93001,5.6210766,72.536545,27.215845,15399.726,9730.741,3711.864,-189.61478,24.152122,72.89711
1764,69,1764,1,5.227584e+10,8.3127385e+06,4.5069664e+08,5.159749e+11,126.59448,72.631355,0.0021757856,0.0059642997,0.07674262,623.23175,4.25362,69.57379,67.15216,7549.7163,8836.836,11817.309,99.15009,40.60688,-75.80419
1770,70,1770,1,4.438014e+10,4.04821e+06,6.6516365e+08,4.6275802e+11,117.943115,65.6804,0.0033820625,0.005742943,0.086446345,1014.8185,5.4172645,73.21712,39.957462,7490.139,11061.889,20719.385,-14.716579,130.52214,33.73335
1777,71,1777,1,5.0383974e+10,7.443032e+06,5.0715885e+08,5.139903e+11,118.535126,68.09258,0.0029427023,0.004530659,0.009089239,911.54504,4.676709,80.79129,58.106236,3821.3975,23964.066,8639.863,46.266598,-66.67761,-100.4922
1782,72,1782,1,4.287325e+10,8.631066e+06,2.9253456e+08,5.4886616e+11,116.8041,66.62511,0.0014768102,0.0032996414,0.0,435.10217,7.1369395,88.83183,61.802044,9102.745,1446.2589,15143.675,49.7744,-4.3103075,-24.188866
1795,73,1795,1,4.9031418e+10,9.877748e+06,5.3246074e+08,4.9975814e+11,117.13098,65.77139,0.0014163095,0.0046408214,0.08226912,611.83044,4.9311037,79.820724,65.8966,9069.047,24635.176,2017.026,19.605516,-51.066578,92.08033
1803,74,1803,1,5.6498913e+10,7.3835785e+06,5.6521664e+08,4.8396435e+11,126.07191,67.064156,0.0027843034,0.005725944,0.12311763,1105.4142,4.4775243,69.3709,44.196518,5354.9927,20692.373,13770.684,109.90894,-33.433636,-20.651754
1812,75,1812,1,4.5654872e+10,7.7395535e+06,4.3353264e+08,4.7639e+11,123.049416,71.41494,0.0021151179,0.004519642,0.023533154,1321.5692,4.851397,70.795494,39.837124,22509.834,15154.67,1619.2017,31.490288,30.801998,55.30592
1817,76,1817,1,4.9125745e+10,8.906361e+06,6.0873395e+08,5.401012e+11,130.05174,72.06437,0.0031309885,0.0046159984,0.0,157.31322,6.475061,69.37375,45.442924,3420.8965,14676.107,20958.611,128.09161,-10.714288,62.14889
1822,77,1822,1,5.2260348e+10,1.149507e+07,5.9540077e+08,5.0418565e+11,129.38739,69.689476,0.0028916718,0.004361771,0.033855304,594.2779,6.434318,66.97433,43.80567,4720.5483,20177.348,7335.581,18.943254,-122.76543,-122.37304
1825,78,1825,1,5.0819453e+10,6.2180995e+06,4.4858234e+08,4.9037833e+11,124.41115,66.55424,0.0024493432,0.0044920123,0.04054801,1206.2545,4.5705547,76.00456,29.53448,12823.891,11272.759,24174.428,-58.97354,-30.431797,114.91405
1833,79,1833,1,3.5946148e+10,1.0080441e+07,8.7458496e+08,4.6277368e+11,139.5033,71.44901,0.0029265748,0.0065153814,0.012669601,230.8539,5.1311126,58.454277,25.23088,6419.337,15906.246,9185.216,-2.3045764,-28.060677,-163.6591
1840,80,1840,1,5.0514096e+10,9.971615e+06,6.775819e+08,5.0563747e+11,132.85469,71.604294,0.0033164085,0.004681771,0.08191754,602.35657,5.5407844,62.82728,48.914257,13311.402,14974.391,9233.037,-150.4372,-81.554825,-148.71536
1843,81,1843,1,4.023389e+10,5.1804165e+06,3.5075882e+08,3.507693e+11,106.5119,58.53748,0.0017572759,0.004297922,0.0014420263,573.4528,5.05137,77.094315,30.862375,4695.628,24123.914,2379.9844,191.61285,-117.4787,46.15638
1860,82,1860,1,2.5028542e+10,5.5490035e+06,2.5388227e+08,2.5165342e+11,99.53886,54.59666,0.0013667534,0.0039145243,0.021603443,284.4905,5.482444,59.280323,34.822105,9861.744,2794.8264,2626.5386,33.8022,27.684351,158.838
1873,83,1873,1,4.3711287e+10,6.5050045e+06,4.952117e+08,4.2869578e+11,117.590836,62.68467,0.0030781843,0.005340088,0.12187221,306.7233,4.888657,74.970245,37.119003,13020.47,4322.0205,11036.245,-84.868965,83.112015,-98.08463
1880,84,1880,1,4.4618002e+10,5.801539e+06,4.472381e+08,4.3589544e+11,120.865364,61.274006,0.0018025686,0.00476741,0.035031136,552.0878,5.512903,78.78269,29.073887,4469.641,15882.069,1071.4684,233.39467,-4.63673,53.65108
1888,85,1888,1,3.8557344e+10,8.247266e+06,5.237408e+08,4.659828e+11,126.49138,68.8916,0.002040665,0.0051271752,8.624158e-05,907.3439,5.4285855,67.38985,28.125553,12946.776,10698.836,13317.13,-90.49359,5.4138556,-98.243645
1893,86,1893,1,4.4152898e+10,7.714287e+06,4.775997e+08,4.1881023e+11,118.21729,65.684235,0.0023714358,0.0044804513,0.10994752,568.8973,4.81472,66.91318,39.394062,5225.631,15721.426,750.5924,182.56943,-32.1365,160.52696
1912,88,1912,1,3.6880503e+10,7.7884105e+06,5.2264944e+08,4.3112877e+11,123.08295,64.3576,0.0024066565,0.005289399,0.01638883,363.0897,6.2738967,69.704254,23.093143,13903.588,17413.402,4688.747,-168.33801,-106.71025,-14.079451
1915,89,1915,1,3.3999479e+10,9.62744e+06,6.087871e+08,4.3151367e+11,133.30666,78.00098,0.003231393,0.0060854796,0.107594125,565.4371,4.418856,52.519127,35.200916,1277.8707,18554.957,18713.35,120.936325,-16.83678,35.08173
1917,90,1917,1,3.9706497e+10,7.493385e+06,2.7785008e+08,3.787164e+11,109.2872,61.03055,0.0012881288,0.0040910617,0.03812096,776.7727,4.3748817,69.13975,48.31955,8698.974,16808.041,5365.178,20.216352,-128.1967,-150.2237
1942,92,1942,1,3.2333554e+10,6.0961205e+06,2.549958e+08,4.0426003e+11,109.181274,66.55177,0.0011545223,0.0042988895,0.057974964,2124.0298,6.2383204,74.298615,89.92355,15679.719,18376.59,24143.258,-98.82168,-27.941326,57.81624
1947,93,1947,1,3.5096887e+10,3.5912325e+06,1.9979398e+08,3.581669e+11,103.7152,58.596054,0.0009027019,0.0029827303,0.004749318,851.9076,5.9817114,75.740616,32.65949,3562.7297,17150.22,6398.646,128.94089,4.0667214,-46.4873
1962,94,1962,1,3.8283297e+10,5.285392e+06,4.781674e+08,3.8122475e+11,118.0389,65.20596,0.0026002552,0.0053740605,0.05148808,990.18646,5.7919197,60.67507,31.475714,10483.9,4421.506,2673.4902,65.42887,-36.16785,147.31972
1965,95,1965,1,3.3365096e+10,6.3137185e+06,4.380483e+08,3.7508923e+11,116.84731,63.79036,0.0018666753,0.0044158287,0.0,986.35876,4.801852,61.535683,31.0123,7939.2373,18490.797,22614.447,-24.9198,48.658592,147.32324
1969,96,1969,1,2.9149624e+10,7.135244e+06,6.040379e+08,3.9162888e+11,124.34143,67.9245,0.003023384,0.004866165,0.0034929328,619.79156,6.819843,56.908245,34.999107,4766.387,10630.622,20467.66,91.47346,76.12118,61.987507
1983,98,1983,1,3.3894134e+10,6.893906e+06,4.0582518e+08,3.5675233e+11,112.79957,63.013844,0.0027752928,0.003561242,0.123225525,960.31683,5.609455,60.86068,50.380524,6315.9834,14217.877,17432.672,79.24318,1.7913929,58.892094
1987,99,1987,1,3.451045e+10,6.5894495e+06,3.817302e+08,3.38879e+11,108.4325,59.249317,0.002405543,0.0041897725,0.17163335,507.57007,4.7137938,62.986664,26.536304,7899.816,19455.438,20395.25,56.65444,-26.253778,156.86147
1992,100,1992,1,1.9744856e+10,4.9502105e+06,3.9770336e+08,2.6506553e+11,107.99722,55.634056,0.0021561799,0.00506475,0.014523934,745.8088,6.244787,53.27348,18.771349,7184.5254,21993.896,2309.5652,187.26761,-107.556786,45.406223
1995,101,1995,1,2.6142292e+10,2.643736e+06,1.8164218e+08,3.5193923e+11,119.212036,77.86977,0.001466543,0.003761065,0.0035584422,1599.3074,5.946524,53.585754,48.91347,11527.71,11699.539,10582.115,-67.41852,-21.646141,-164.50955
2003,102,2003,1,2.8320084e+10,6.3017975e+06,3.888394e+08,3.691371e+11,117.43105,64.181496,0.0014342974,0.005705192,0.019567192,589.8065,5.4341135,63.441875,25.58035,12903.123,1893.5088,22972.633,-130.90308,-5.853432,65.50851
2014,104,2014,1,2.7258302e+10,6.2143935e+06,3.7029286e+08,3.508301e+11,119.01556,64.06942,0.0018688891,0.0047863545,0.011511867,410.55762,5.2457943,57.449997,31.33891,21750.994,11399.408,22656.002,15.687722,-11.72783,66.82904
2017,105,2017,1,2.4497519e+10,3.8306882e+06,3.317819e+08,3.510596e+11,113.41637,61.451763,0.0024766119,0.0034849653,0.0018949973,593.9044,8.6103945,62.338036,30.047155,5306.208,2885.3025,23118.246,99.397644,-10.337135,90.316154
2021,106,2021,1,3.0081374e+10,5.1250545e+06,2.7692995e+08,3.3013288e+11,106.56808,58.60749,0.0019646103,0.0034788437,0.011022269,123.49953,4.520599,64.19545,45.604992,7974.8706,12882.864,8297.853,114.605835,132.01173,-118.31728
2024,107,2024,1,2.6157773e+10,3.8093502e+06,2.6544373e+08,2.4669525e+11,101.74188,55.16506,0.0014703631,0.0028114486,0.05321935,842.7129,5.855284,57.01747,20.572338,5513.5703,23721.377,2154.8975,209.65637,-143.42523,0.3768104
2046,109,2046,1,2.8250806e+10,6.429062e+06,2.9146022e+08,3.314404e+11,108.488945,59.08383,0.0016616017,0.003978393,0.0023631572,548.352,6.203274,64.80626,23.675966,16792.814,2279.2344,570.8701,-59.113575,36.496597,30.008978
2047,110,2047,1,5.408975e+09,6.042162e+06,1.812386e+08,2.8137757e+11,94.19895,54.49126,0.000933515,0.0032782594,0.0,1340.363,8.347157,73.75646,25.99169,24996.46,4777.5767,10463.096,50.451035,68.27739,-35.760742
2054,111,2054,1,2.7885978e+10,6.4053205e+06,2.8359034e+08,3.1677524e+11,108.87979,58.222816,0.0013795496,0.0041950555,0.0,243.38626,5.504577,61.057266,37.691868,5363.253,15253.623,5091.2515,247.53867,20.204792,-9.496254
2058,112,2058,1,2.8035607e+10,5.488849e+06,2.9557187e+08,3.19112e+11,114.738556,61.50283,0.0017036793,0.0043526795,0.08070887,900.2396,4.7448854,53.56747,32.665913,22835.477,18524.225,24721.924,33.93722,-25.80354,69.204834
2060,113,2060,1,2.79916e+10,3.6452102e+06,2.0646597e+08,2.9627168e+11,97.079475,52.636223,0.001479711,0.0017107787,0.1908201,846.44574,4.4110193,75.71478,25.69194,16837.814,16112.351,651.02563,-74.99683,-61.88304,97.34502
2063,114,2063,1,2.4973263e+10,4.1817038e+06,2.8148874e+08,2.5673695e+11,103.45796,55.716217,0.001971479,0.0040852926,0.0041508325,753.94055,4.771991,53.139706,40.02528,10810.384,24569.295,21667.035,-47.866695,-142.28978,77.89781
2070,115,2070,1,2.5531429e+10,4.472944e+06,2.5015803e+08,2.692922e+11,94.911766,53.67695,0.0018179115,0.0022735759,0.030450152,854.5909,5.349463,66.58739,49.183674,24086.129,1044.6548,3256.338,36.330463,-1.1889052,-29.711683
2077,116,2077,1,2.3564327e+10,5.385386e+06,2.5758853e+08,2.5752882e+11,105.221466,56.230003,0.0014445062,0.005001185,0.04779559,624.36237,4.3962345,52.85899,25.478485,7108.959,14309.489,14976.211,3.601165,12.141301,-27.47546
2080,117,2080,1,1.9836991e+10,4.2718075e+06,2.735647e+08,3.079592e+11,107.52764,59.785744,0.0015637528,0.0040410343,0.033660535,249.82222,4.984701,62.243973,23.093737,22119.975,10980.479,11942.1875,22.283281,9.824787,-30.551008
2084,118,2084,1,2.3997585e+10,5.567472e+06,1.8378362e+08,2.923494e+11,104.730286,58.144215,0.0012104196,0.002798805,0.000383563,148.3286,6.0429115,59.948353,33.632202,5009.369,10556.181,18307.83,104.1521,57.1737,36.24993
2088,119,2088,1,2.0056127e+10,5.389292e+06,2.6854886e+08,2.5507113e+11,106.865036,54.236683,0.0019040976,0.0043352447,0.040462714,999.3002,4.9072165,62.720654,18.289541,8736.659,14441.933,7659.953,-13.861982,-143.09782,-155.5048
2090,120,2090,1,2.3210852e+10,5.3108625e+06,1.4266094e+08,2.707454e+11,98.9671,54.66538,0.00076665747,0.002692399,0.0051136846,1332.213,5.3871913,62.149567,44.196476,22221.086,9199.921,20164.324,18.784716,9.23359,32.655533
2095,121,2095,1,2.2627133e+10,5.5519795e+06,3.9180218e+08,2.7849572e+11,108.74532,58.562855,0.0022488853,0.004538037,0.030856026,332.6771,5.4919844,54.069736,30.335043,10543.008,3222.5764,11897.233,-8.601967,50.174477,-66.95283
2097,122,2097,1,2.1030033e+10,4.566869e+06,2.176106e+08,2.200274e+11,91.231285,49.720478,0.0019211883,0.0032242052,0.0668013,758.5512,5.1095843,60.61113,35.26327,6216.8896,12927.34,23502.791,47.39159,-7.7557845,74.58263
2103,123,2103,1,2.3139334e+10,4.723428e+06,1.4965179e+08,2.3267017e+11,94.276886,53.209114,0.0009381589,0.0033571788,0.012882709,737.1577,4.476442,59.860725,20.173038,6234.622,14256.6,18130.223,67.512886,-12.216213,27.427958
2110,124,2110,1,2.3613735e+10,5.0388615e+06,2.115001e+08,2.6690245e+11,100.79716,54.90432,0.0015115594,0.0032096354,0.033127986,262.7253,4.402269,63.64659,27.831964,10708.121,6468.3945,13633.136,-15.399796,21.01814,-98.94762
2115,125,2115,1,2.0262498e+10,4.6938335e+06,1.8428517e+08,2.6361695e+11,95.59252,52.603065,0.0009788558,0.0031152999,0.003198803,623.8459,4.9932885,70.80988,23.03977,22592.129,3753.3948,848.6221,-9.414796,-5.3256383,53.920845
2122,126,2122,1,1.5890902e+10,5.4390895e+06,2.4821344e+08,2.4767629e+11,106.07406,55.424877,0.0011510334,0.0032549563,0.0,487.4019,6.8482137,49.88939,33.957863,12528.642,7210.4927,5845.911,-458.72977,253.32837,-155.2416
2125,127,2125,1,1.6164981e+10,5.256695e+06,3.7106576e+08,2.495327e+11,112.791176,59.03021,0.0016662625,0.005496249,0.019735198,390.5731,4.983993,46.99907,12.329624,7356.667,14026.338,10646.17,86.12705,82.04575,-142.8062
2127,128,2127,1,2.004501e+10,4.1713342e+06,2.06637e+08,2.1316264e+11,95.2041,50.059242,0.0011512248,0.0036683022,0.05568245,270.62216,4.3872285,55.139996,31.788893,8821.187,2365.2273,6068.845,128.39627,9.877991,-102.48457
2134,129,2134,1,2.0152826e+10,3.3380815e+06,1.6481282e+08,2.1772485e+11,96.66856,50.325916,0.0010878107,0.003292781,0.019606141,406.54135,4.8230743,59.457443,13.958252,4012.06,12128.137,24077.98,126.4379,22.796371,-38.735577
2138,130,2138,1,2.127702e+10,4.0116152e+06,2.213317e+08,2.4980801e+11,100.459755,54.221664,0.001741171,0.003442765,0.036875833,353.4319,4.55395,55.951275,27.545797,8241.09,23982.262,16040.782,39.99607,-28.920654,7.580955
2151,132,2151,1,1.7130984e+10,4.551058e+06,1.6603326e+08,2.7614223e+11,96.2637,54.81354,0.0009215578,0.004031186,0.0,1341.5902,6.323771,64.6556,28.854078,16827.97,14832.373,4443.296,-126.53178,-25.656237,-31.141613
2155,133,2155,1,1.9624655e+10,6.23882e+06,3.994395e+08,2.4857872e+11,116.29414,59.006023,0.0020959524,0.00550857,0.030394875,478.36655,4.993276,46.369724,21.029295,10209.758,2112.5156,13397.242,-46.18576,-49.213844,18.365387
2163,135,2163,1,2.25802e+10,5.2585535e+06,1.6707218e+08,2.3799657e+11,100.84111,54.611694,0.0009820621,0.0034781017,0.0077490564,268.44315,4.0901456,52.866573,28.710949,3384.8972,17017.117,4581.455,169.84706,-19.32297,-26.11322
2168,136,2168,1,1.9239547e+10,4.6697805e+06,1.3562189e+08,2.6184471e+11,101.32333,55.043713,0.0006241498,0.0024272567,0.0,1701.4039,6.6740665,67.45338,18.61347,16196.077,9614.46,21768.234,-102.4095,4.244054,66.675095
2177,138,2177,1,1.8308383e+10,5.2057835e+06,2.65233e+08,2.5284849e+11,97.98807,54.318855,0.0018584137,0.0042128856,0.0023781613,537.44965,4.486888,59.435093,36.060505,24780.496,8791.727,16355.654,67.23473,9.731095,-26.237577
2182,139,2182,1,1.7155292e+10,4.5386945e+06,2.5827078e+08,2.6310117e+11,106.95817,56.71634,0.001444651,0.0026749875,0.022006834,626.94714,6.580659,52.566853,30.429125,792.4918,23057.242,4406.886,110.52786,-2.8287983,3.3481941
2185,140,2185,1,1.2412967e+10,4.503023e+06,1.343578e+08,2.5951114e+11,93.37274,55.901104,0.00087860133,0.0016853783,0.00020148495,1316.202,7.711811,64.61383,54.143284,23167.26,24931.781,3342.9373,82.6141,8.608399,10.875516
2189,141,2189,1,2.0660535e+10,2.2109705e+06,1.7540914e+08,2.1933143e+11,89.69734,51.887756,0.0014410157,0.0021331185,0.10609922,435.33386,3.3880723,59.611965,64.951324,4385.271,16251.072,3891.906,191.24281,-16.045425,-2.2174478
2194,142,2194,1,1.8180946e+10,3.60345e+06,1.9005237e+08,1.9154688e+11,87.12651,45.944893,0.0017494421,0.0031857074,0.022763588,362.15732,5.3476086,60.319347,26.534187,12858.106,4868.67,14429.855,-70.55481,22.58305,-48.819508
2201,143,2201,1,1.7958949e+10,4.740195e+06,2.4533448e+08,2.3813902e+11,102.362366,55.470276,0.001799774,0.0035106093,0.0,565.2132,5.3607564,50.50532,32.28588,5984.1724,17676.736,10899.962,88.388336,-139.47694,-134.52043
2202,144,2202,1,1.5775262e+10,4.810307e+06,2.2214763e+08,2.2850201e+11,102.592354,56.662704,0.00092236605,0.004540939,0.0,285.16522,4.8958793,49.75331,16.865494,7930.6484,17114.074,20950.537,30.057241,49.391056,103.17522
2204,145,2204,1,1.686043e+10,4.1956005e+06,1.5956442e+08,1.8863093e+11,96.33741,49.6362,0.0008910306,0.00277323,0.01678135,423.60602,5.4294147,53.44574,13.686726,8789.61,21662.291,19015.223,-19.576576,-50.659084,131.15924
2207,146,2207,1,1.5634472e+10,3.3227518e+06,1.6085336e+08,2.1301314e+11,94.0893,50.864258,0.0012878489,0.0027850333,0.0,1215.9796,7.146747,55.904007,29.919592,10913.974,13976.634,1639.944,-116.763756,27.969429,136.15129
2212,147,2212,1,1.6160185e+10,3.08062e+06,1.5037434e+08,2.1480605e+11,85.181496,48.705612,0.0018134385,0.002574439,0.0028469437,127.70353,4.1379375,64.79611,44.741337,14350.831,16128.392,5322.4277,-181.2787,-64.42324,-18.3383
2216,148,2216,1,1.3932035e+10,3.005164e+06,2.120436e+08,2.238087e+11,97.384834,53.008003,0.0018593685,0.0031384325,0.0,664.619,7.484125,53.522724,32.36108,7962.004,18644.46,23748.861,-77.63247,101.24012,185.32323
2225,150,2225,1,1.7434038e+10,3.359258e+06,1.9615102e+08,2.0396297e+11,94.134995,52.17263,0.0018460812,0.0036382652,0.011630726,536.6676,4.094186,49.6796,38.52073,6260.895,14299.1875,19093.95,66.63708,-47.44893,48.60862
2228,151,2228,1,1.9135005e+10,3.3276605e+06,1.778662e+08,1.9173147e+11,88.90998,49.1235,0.0012932832,0.0025648326,0.074062906,368.9653,3.9033992,52.266033,51.326096,16050.5205,4739.6826,7549.644,-150.65172,63.893887,-50.22709
2235,153,2235,1,1.5389245e+10,2.9427025e+06,1.7739757e+08,2.062534e+11,91.988106,51.860718,0.0023475105,0.0028739027,0.0,426.36588,4.397967,52.69488,42.13539,16344.966,10268.12,916.4601,-123.07968,37.97512,129.15584
2238,154,2238,1,1.6049018e+10,3.9460048e+06,2.1129571e+08,2.123423e+11,98.53529,53.70904,0.0019293904,0.003561565,0.010270497,243.7473,4.9360023,48.64905,24.638226,15773.85,14554.702,2304.639,-104.46074,-74.65438,21.949284
2240,155,2240,1,5.0656154e+09,3.8290075e+06,1.5187152e+08,2.6183801e+11,92.6406,54.00183,0.0010792281,0.0019635586,0.0,450.26547,11.903554,65.98606,38.082916,4221.037,13766.973,19266.172,105.93628,13.476687,81.18312
2250,157,2250,1,1.0792549e+10,3.3791502e+06,1.6636086e+08,2.3321238e+11,93.12491,53.097775,0.0007961556,0.002459966,0.0,887.4185,7.086312,59.148468,42.86945,14577.726,10837.47,1626.0221,-98.42932,-9.744342,132.16179
2259,160,2259,1,1.3852407e+10,3.7996005e+06,2.240786e+08,2.1299796e+11,99.71081,53.717518,0.0014120077,0.0031349594,0.008328305,572.9862,6.0894594,47.555798,27.419748,2720.7031,12051.996,18542.143,91.783775,-6.291463,42.625828
2262,161,2262,1,1.5374383e+10,3.224611e+06,1.600136e+08,2.0735687e+11,98.433014,52.595734,0.00092928315,0.0027109473,0.04344387,808.77203,5.273292,51.91627,24.831491,13329.231,15166.893,8312.807,-148.35092,-89.38317,-130.6458
2268,163,2268,1,1.5867645e+10,2.8626095e+06,1.3067384e+08,1.9835394e+11,91.36431,50.004524,0.0013280939,0.0024746319,0.004653901,729.3098,4.9336257,53.766605,26.936531,9075.658,24535.87,4060.1848,-27.739246,-23.73169,-195.50331
2271,164,2271,1,1.3910233e+10,3.3953502e+06,1.3709048e+08,2.135369e+11,95.10587,52.911617,0.0011167922,0.0023075503,0.0,530.5712,8.526822,53.001186,33.420063,6495.0103,12007.792,22627.443,44.075466,135.86423,33.153828
2288,167,2288,1,1.4134302e+10,4.666876e+06,1.3378036e+08,1.9506348e+11,85.34604,48.91478,0.0008240271,0.0026408953,0.0,237.18509,6.9616027,57.899506,70.31781,9685.788,7284.5435,22792.996,18.399895,2.4083498,84.170235
2294,169,2294,1,1.5379523e+10,5.3838865e+06,1.6140518e+08,1.884876e+11,93.8726,50.78616,0.0011748553,0.0020453376,0.0074947937,300.04507,4.923808,47.14119,32.641354,23916.758,1468.4236,3215.2087,48.69535,-26.007387,-24.565226
2316,173,2316,1,1.4984007e+10,3.5936902e+06,1.5925322e+08,1.9134795e+11,84.60539,46.414288,0.0016266978,0.0035973382,0.004603995,159.11191,4.520939,62.51185,20.886364,11835.743,10465.03,9939.611,-89.77385,17.009113,-150.90263
2321,174,2321,1,6.02526e+09,2.185385e+06,1.3897691e+08,2.0622164e+11,90.63854,51.412067,0.00038607753,0.0040284037,0.0,684.30817,7.897825,57.400867,37.253223,7629.585,19265.953,24940.252,215.08096,-40.21264,264.69226
2324,175,2324,1,1.3381636e+10,3.8321822e+06,2.3423554e+08,1.9800803e+11,98.52981,50.50259,0.0017082258,0.0042244615,0.006068563,282.8293,5.3354416,48.65155,17.223255,13553.616,6771.546,10282.376,-182.6167,42.982124,-165.7569
2345,181,2345,1,1.3802229e+10,3.652379e+06,1.4624909e+08,1.8688783e+11,97.710236,53.9083,0.0011412846,0.0030887814,0.004694804,581.974,5.137111,45.34821,26.934725,13548.071,10111.769,19094.0,-106.63114,13.571482,33.491856
2361,185,2361,1,1.0849277e+10,2.5407612e+06,2.4076909e+08,1.9136487e+11,99.63418,53.906204,0.002275765,0.003379867,0.005324427,242.78949,5.3718457,42.99831,29.504473,1385.1276,2184.429,2673.4143,46.016838,-58.245384,13.700142
2362,186,2362,1,1.1389047e+10,4.3182265e+06,1.7403453e+08,1.8857248e+11,92.92828,49.711983,0.0011615019,0.0033793491,0.00035661616,280.7204,5.4831033,53.397488,23.283127,2586.473,7034.0703,22954.855,70.36023,62.602776,35.335773
2372,189,2372,1,1.1855831e+10,4.7057485e+06,2.1958803e+08,1.7138449e+11,93.60942,49.712982,0.001662957,0.0050727865,0.04271195,344.79224,5.3010564,46.137127,17.20153,20684.598,4750.7144,24980.62,-8.6771755,-10.659363,71.86097
2379,192,2379,1,9.816046e+09,3.0774778e+06,1.6334616e+08,1.8670507e+11,93.881676,51.33754,0.0011029954,0.004114219,0.0027983754,320.55972,5.8837395,49.274834,18.20131,18586.209,543.30145,7956.8315,-46.787823,19.096786,-62.257137
2388,195,2388,1,1.2708092e+10,3.648859e+06,1.4331926e+08,1.6250583e+11,86.308586,46.701077,0.00120966,0.0028913158,0.0,26.872265,6.2725086,47.94854,31.969482,7064.8506,17350.582,15970.97,33.94927,-72.17562,21.353209
2410,200,2410,1,6.7774065e+09,4.423661e+06,1.7488053e+08,1.8500708e+11,85.74576,47.472332,0.0008660439,0.0033087712,0.0,602.508,7.7853136,55.315784,17.317108,10715.046,5051.261,8285.173,30.896595,155.70428,-144.13875
2417,202,2417,1,8.521352e+09,2.375518e+06,1.5551626e+08,1.680332e+11,91.12143,50.125607,0.0013422462,0.0029769444,0.0,258.9657,6.9241314,44.569477,26.898285,10724.293,5692.779,24619.246,-52.578384,-17.60918,83.82854
2427,205,2427,1,9.667425e+09,3.8895042e+06,1.5032382e+08,1.435706e+11,88.628914,46.776966,0.0013502735,0.004445746,0.0006276021,429.48636,4.9685636,41.278,24.955523,20984.418,4836.595,24861.367,-44.3321,-30.928032,71.63508
2452,212,2452,1,1.0425124e+10,1.7915571e+06,1.425448e+08,1.5714599e+11,94.48378,49.74767,0.00069014606,0.0033691758,0.00201326,342.12787,6.4643984,40.829132,17.070032,12541.193,13282.061,8132.213,-205.18784,-33.220657,-168.60983
2456,214,2456,1,4.6625516e+09,3.1830895e+06,1.9794037e+08,1.727341e+11,86.36682,47.887177,0.0028150568,0.002709906,0.0,39.185402,8.406049,51.45298,35.89747,9727.737,22975.72,24418.754,-148.87352,-85.20407,99.88441
2490,224,2490,1,6.667078e+09,3.120497e+06,1.7524056e+08,1.6283858e+11,91.309746,48.91566,0.0015506712,0.0037578365,0.0,333.73685,6.288341,45.288784,28.117989,18515.137,16261.426,1297.0143,-80.51,-43.22218,27.464521
2531,235,2531,1,6.2555505e+09,2.1049915e+06,1.3930294e+08,1.5515009e+11,84.06767,48.072193,0.0022741961,0.0030762204,0.0,563.6483,5.0336328,48.46157,19.278738,21053.72,10655.164,11045.524,-7.3025007,2.1913784,-21.435781
2557,244,2557,1,7.987761e+09,3.557152e+06,1.460087e+08,1.3984983e+11,92.83913,47.800602,0.001131632,0.0027109918,0.0,514.5311,6.2987,38.711937,15.359462,8941.749,17098.023,4936.4844,-13.601753,-89.846725,-109.36514
2638,277,2638,1,5.339312e+09,3.7139612e+06,1.5250491e+08,1.0985197e+11,78.56745,42.133507,0.0008554487,0.0034057496,0.0,494.38916,4.4798355,40.238758,12.665373,8652.141,17147.033,3090.7114,-76.941605,-0.70119756,-5.013973
